,BTC Dominance,Market Cap Change
2025-01-18 15:48:59.454490,54.703082007944815,-0.7882018195929396
